<application>
  <component name="GoSdkList">
    <sdk-path>
      <set>
        <option value="/usr/local/Cellar/go/1.11.4/libexec" />
        <option value="/usr/local/Cellar/go/1.11.4/libexec/libexec" />
        <option value="/usr/local/Cellar/go/1.11.4/libexec/libexec/libexec" />
        <option value="/usr/local/Cellar/go/1.11.5/libexec/libexec" />
        <option value="/usr/local/Cellar/go/1.12.4/libexec" />
        <option value="/usr/local/Cellar/go/1.12.8/libexec" />
      </set>
    </sdk-path>
  </component>
</application>