<application>
  <component name="MaterialThemeConfig">
    <option name="allowDataCollection" value="true" />
    <option name="isWizardShown" value="true" />
    <option name="pristineConfig" value="false" />
    <option name="rightTreeIndent" value="6" />
    <option name="settingsSelectedTab" value="6" />
    <option name="accentColor" value="9fa8ff" />
    <option name="selectedTheme" value="DEEPOCEAN" />
    <option name="userId" value="1c98826b:16877bae73b:-8000" />
    <option name="version" value="3.4.1.1" />
  </component>
</application>